{"cameraMode":{"drawMode":0,"name":"Shaded","section":"Shading Mode"},"sceneLighting":false,"audioPlay":false,"sceneViewState":{"showFog":true,"showMaterialUpdate":false,"showSkybox":false,"showFlares":true,"showImageEffects":true,"showParticleSystems":true},"in2DMode":false,"pivot":{"x":5.776101112365723,"y":0.1147952675819397,"z":-19.961986541748048},"rotation":{"x":0.0009451481164433062,"y":0.997974157333374,"z":-0.0617632158100605,"w":0.015271072275936604},"size":3.473205089569092,"orthographic":false}